{
  "model_id": "1745605391",
  "model_type": "OptimizedScorePredictionModel",
  "training_time": "20250425_143018",
  "data_files": {
    "player_stats": "player_stats.json",
    "match_history": "match_history.json"
  },
  "parameters": {
    "random_state": 42,
    "xgb_home_n_estimators": 91,
    "xgb_home_learning_rate": 0.08192776699882923,
    "xgb_home_max_depth": 6,
    "xgb_home_subsample": 0.9916154429033942,
    "xgb_home_colsample_bytree": 0.7333814466239901,
    "gb_home_n_estimators": 437,
    "gb_home_learning_rate": 0.10113389297817886,
    "gb_home_max_depth": 6,
    "gb_home_subsample": 0.5066324805799333,
    "ridge_home_alpha": 6.708188643346291,
    "lasso_home_alpha": 0.04896262051737685,
    "final_home_alpha": 0.143301094556357,
    "xgb_away_n_estimators": 57,
    "xgb_away_learning_rate": 0.021930986997479973,
    "xgb_away_max_depth": 5,
    "xgb_away_subsample": 0.8416317594127292,
    "xgb_away_colsample_bytree": 0.8049983288913105,
    "gb_away_n_estimators": 425,
    "gb_away_learning_rate": 0.018033524512802657,
    "gb_away_max_depth": 6,
    "gb_away_subsample": 0.5911180438940312,
    "ridge_away_alpha": 1.845373292661596,
    "lasso_away_alpha": 0.018856783874794995,
    "final_away_alpha": 0.04205571187007208
  },
  "metrics": {
    "home_score_mae": 6.1350944395365685,
    "home_score_mse": 62.33993110061819,
    "home_score_rmse": 7.895564014091596,
    "home_score_r2": 0.3450908612816731,
    "away_score_mae": 6.1087750058257155,
    "away_score_mse": 60.419359055416514,
    "away_score_rmse": 7.772989068268172,
    "away_score_r2": 0.35292938884550307,
    "total_score_mae": 9.787062982075268,
    "total_score_mse": 159.384716237111,
    "total_score_rmse": 12.624765987419767,
    "total_score_r2": 0.4017080362065736,
    "score_diff_mae": 7.314913138829768,
    "score_diff_mse": 86.1338640749584,
    "score_diff_rmse": 9.280833156293587,
    "score_diff_r2": 0.22209288741368116
  },
  "home_score_mae": 6.1350944395365685,
  "away_score_mae": 6.1087750058257155,
  "total_score_mae": 9.787062982075268,
  "num_samples": 12889,
  "model_path": "C:\\Projects\\2k_spark\\models\\optimized_score_model_1745605391.pkl",
  "info_path": "C:\\Projects\\2k_spark\\models\\optimized_score_model_info_1745605391.json"
}