{
  "model_id": "1745618506",
  "model_type": "OptimizedScorePredictionModel",
  "training_time": "20250425_181255",
  "data_files": {
    "player_stats": "player_stats.json",
    "match_history": "match_history.json"
  },
  "parameters": {
    "random_state": 42,
    "xgb_home_n_estimators": 436,
    "xgb_home_learning_rate": 0.030302665165245407,
    "xgb_home_max_depth": 5,
    "xgb_home_subsample": 0.855574766219009,
    "xgb_home_colsample_bytree": 0.9047505230698578,
    "gb_home_n_estimators": 207,
    "gb_home_learning_rate": 0.013869615701144236,
    "gb_home_max_depth": 10,
    "gb_home_subsample": 0.6987860105437612,
    "ridge_home_alpha": 0.35748189510916684,
    "lasso_home_alpha": 0.3259344887239374,
    "final_home_alpha": 1.0643154121134486,
    "xgb_away_n_estimators": 381,
    "xgb_away_learning_rate": 0.02036217355302977,
    "xgb_away_max_depth": 7,
    "xgb_away_subsample": 0.8478921996725411,
    "xgb_away_colsample_bytree": 0.6142750108986499,
    "gb_away_n_estimators": 129,
    "gb_away_learning_rate": 0.2823460625321134,
    "gb_away_max_depth": 7,
    "gb_away_subsample": 0.6304145874152045,
    "ridge_away_alpha": 9.744534538859272,
    "lasso_away_alpha": 0.7875135841747096,
    "final_away_alpha": 0.47302093349336893
  },
  "metrics": {
    "home_score_mae": 6.149416597222824,
    "home_score_mse": 62.62211313015504,
    "home_score_rmse": 7.913413494198003,
    "home_score_r2": 0.34212641158365387,
    "away_score_mae": 6.109290029805566,
    "away_score_mse": 60.38799178168509,
    "away_score_rmse": 7.770971096438661,
    "away_score_r2": 0.3532653215879379,
    "total_score_mae": 9.805778979334702,
    "total_score_mse": 159.5788163974046,
    "total_score_rmse": 12.632450925984418,
    "total_score_r2": 0.40097943079937814,
    "score_diff_mae": 7.330393041754402,
    "score_diff_mse": 86.44139342627564,
    "score_diff_rmse": 9.297386376088477,
    "score_diff_r2": 0.21931547492571302
  },
  "home_score_mae": 6.149416597222824,
  "away_score_mae": 6.109290029805566,
  "total_score_mae": 9.805778979334702,
  "num_samples": 12889,
  "num_features": {
    "original": 46,
    "home_selected": 23,
    "away_selected": 23
  },
  "model_path": "C:\\Projects\\2k_spark\\models\\optimized_score_model_1745618506.pkl",
  "info_path": "C:\\Projects\\2k_spark\\models\\optimized_score_model_info_1745618506.json"
}