{
  "model_id": "1745621033",
  "model_type": "ScorePredictionModel",
  "training_time": "20250425_184639",
  "data_files": {
    "player_stats": "player_stats.json",
    "match_history": "match_history.json"
  },
  "parameters": {
    "random_state": 42,
    "feature_config": null
  },
  "metrics": {
    "home_score_mae": 6.166191180078078,
    "home_score_mse": 62.93528751252922,
    "home_score_rmse": 7.9331763822903385,
    "home_score_r2": 0.33883637321806315,
    "away_score_mae": 6.119239023812392,
    "away_score_mse": 60.53098628764597,
    "away_score_rmse": 7.780166212083516,
    "away_score_r2": 0.3517338994773693,
    "total_score_mae": 9.821435061186556,
    "total_score_mse": 160.34779763912542,
    "total_score_rmse": 12.662851086509919,
    "total_score_r2": 0.39809285981508735,
    "score_diff_mae": 7.331513237825046,
    "score_diff_mse": 86.58474996122494,
    "score_diff_rmse": 9.305092689555808,
    "score_diff_r2": 0.21802076848974328
  },
  "home_score_mae": 6.166191180078078,
  "away_score_mae": 6.119239023812392,
  "total_score_mae": 9.821435061186556,
  "num_samples": 12889,
  "num_features": {
    "original": 46,
    "home_selected": 23,
    "away_selected": 23
  },
  "model_path": "C:\\Projects\\2k_spark\\models\\scorepredictionmodel_1745621033.pkl",
  "info_path": "C:\\Projects\\2k_spark\\models\\scorepredictionmodel_info_1745621033.json"
}