{
  "model_id": "1745598830",
  "model_type": "ScorePredictionModel",
  "training_time": "20250425_123356",
  "data_files": {
    "player_stats": "player_stats.json",
    "match_history": "match_history.json"
  },
  "parameters": {
    "random_state": 42
  },
  "metrics": {
    "home_score_mae": 1.2022038083692337,
    "home_score_mse": 1.5362410501665948,
    "home_score_rmse": 1.2394519152297094,
    "home_score_r2": 0.6159397374583513,
    "away_score_mae": 2.8736267413520693,
    "away_score_mse": 8.535589031685214,
    "away_score_rmse": 2.9215730406213045,
    "away_score_r2": 0.051601218701642804,
    "total_score_mae": 4.075830549721303,
    "total_score_mse": 16.663266772670568,
    "total_score_rmse": 4.082066483127212,
    "total_score_r2": 0.3334693290931773,
    "score_diff_mae": 1.6714229329828356,
    "score_diff_mse": 3.480393391033053,
    "score_diff_rmse": 1.8655812475025184,
    "score_diff_r2": -2.480393391033053
  },
  "home_score_mae": 1.2022038083692337,
  "away_score_mae": 2.8736267413520693,
  "total_score_mae": 4.075830549721303,
  "num_samples": 10,
  "model_path": "C:\\Projects\\2k_spark\\models\\scorepredictionmodel_1745598830.pkl",
  "info_path": "C:\\Projects\\2k_spark\\models\\scorepredictionmodel_info_1745598830.json"
}