{
  "model_id": "1745600066",
  "model_type": "ScorePredictionModel",
  "training_time": "20250425_125446",
  "data_files": {
    "player_stats": "player_stats.json",
    "match_history": "match_history.json"
  },
  "parameters": {
    "random_state": 42
  },
  "metrics": {
    "home_score_mae": 6.167958326030917,
    "home_score_mse": 62.57771052766388,
    "home_score_rmse": 7.9106074689409205,
    "home_score_r2": 0.33077376596000063,
    "away_score_mae": 6.065895351460771,
    "away_score_mse": 59.84202420965072,
    "away_score_rmse": 7.735762677955595,
    "away_score_r2": 0.33871048581961105,
    "total_score_mae": 9.62298303309895,
    "total_score_mse": 158.9114220799488,
    "total_score_rmse": 12.606007380608215,
    "total_score_r2": 0.38077089761906424,
    "score_diff_mae": 7.291792413191946,
    "score_diff_mse": 85.92804739468036,
    "score_diff_rmse": 9.269738259232586,
    "score_diff_r2": 0.22846703701317417
  },
  "home_score_mae": 6.167958326030917,
  "away_score_mae": 6.065895351460771,
  "total_score_mae": 9.62298303309895,
  "num_samples": 12885,
  "model_path": "C:\\Projects\\2k_spark\\models\\scorepredictionmodel_1745600066.pkl",
  "info_path": "C:\\Projects\\2k_spark\\models\\scorepredictionmodel_info_1745600066.json"
}