{
  "models": [
    {
      "model_id": "1745598830",
      "model_type": "ScorePredictionModel",
      "training_time": "20250425_123356",
      "data_files": {
        "player_stats": "player_stats.json",
        "match_history": "match_history.json"
      },
      "parameters": {
        "random_state": 42
      },
      "metrics": {
        "home_score_mae": 1.2022038083692337,
        "home_score_mse": 1.5362410501665948,
        "home_score_rmse": 1.2394519152297094,
        "home_score_r2": 0.6159397374583513,
        "away_score_mae": 2.8736267413520693,
        "away_score_mse": 8.535589031685214,
        "away_score_rmse": 2.9215730406213045,
        "away_score_r2": 0.051601218701642804,
        "total_score_mae": 4.075830549721303,
        "total_score_mse": 16.663266772670568,
        "total_score_rmse": 4.082066483127212,
        "total_score_r2": 0.3334693290931773,
        "score_diff_mae": 1.6714229329828356,
        "score_diff_mse": 3.480393391033053,
        "score_diff_rmse": 1.8655812475025184,
        "score_diff_r2": -2.480393391033053
      },
      "home_score_mae": 1.2022038083692337,
      "away_score_mae": 2.8736267413520693,
      "total_score_mae": 4.075830549721303,
      "num_samples": 10,
      "model_path": "C:\\Projects\\2k_spark\\models\\scorepredictionmodel_1745598830.pkl",
      "info_path": "C:\\Projects\\2k_spark\\models\\scorepredictionmodel_info_1745598830.json"
    },
    {
      "model_id": "1745600066",
      "model_type": "ScorePredictionModel",
      "training_time": "20250425_125446",
      "data_files": {
        "player_stats": "player_stats.json",
        "match_history": "match_history.json"
      },
      "parameters": {
        "random_state": 42
      },
      "metrics": {
        "home_score_mae": 6.167958326030917,
        "home_score_mse": 62.57771052766388,
        "home_score_rmse": 7.9106074689409205,
        "home_score_r2": 0.33077376596000063,
        "away_score_mae": 6.065895351460771,
        "away_score_mse": 59.84202420965072,
        "away_score_rmse": 7.735762677955595,
        "away_score_r2": 0.33871048581961105,
        "total_score_mae": 9.62298303309895,
        "total_score_mse": 158.9114220799488,
        "total_score_rmse": 12.606007380608215,
        "total_score_r2": 0.38077089761906424,
        "score_diff_mae": 7.291792413191946,
        "score_diff_mse": 85.92804739468036,
        "score_diff_rmse": 9.269738259232586,
        "score_diff_r2": 0.22846703701317417
      },
      "home_score_mae": 6.167958326030917,
      "away_score_mae": 6.065895351460771,
      "total_score_mae": 9.62298303309895,
      "num_samples": 12885,
      "model_path": "C:\\Projects\\2k_spark\\models\\scorepredictionmodel_1745600066.pkl",
      "info_path": "C:\\Projects\\2k_spark\\models\\scorepredictionmodel_info_1745600066.json"
    },
    {
      "model_id": "1745605897",
      "model_path": "C:\\Projects\\2k_spark\\models\\optimized_score_model_1745605897.pkl",
      "info_path": "C:\\Projects\\2k_spark\\models\\optimized_score_model_info_1745605897.json",
      "total_score_mae": 9.787062982075268,
      "model_type": "ScorePredictionModel"
    },
    {
      "model_id": "1745618506",
      "model_path": "C:\\Projects\\2k_spark\\models\\optimized_score_model_1745618506.pkl",
      "info_path": "C:\\Projects\\2k_spark\\models\\optimized_score_model_info_1745618506.json",
      "total_score_mae": 9.805778979334702,
      "model_type": "ScorePredictionModel"
    },
    {
      "model_id": "1745621033",
      "model_type": "ScorePredictionModel",
      "training_time": "20250425_184639",
      "data_files": {
        "player_stats": "player_stats.json",
        "match_history": "match_history.json"
      },
      "parameters": {
        "random_state": 42,
        "feature_config": null
      },
      "metrics": {
        "home_score_mae": 6.166191180078078,
        "home_score_mse": 62.93528751252922,
        "home_score_rmse": 7.9331763822903385,
        "home_score_r2": 0.33883637321806315,
        "away_score_mae": 6.119239023812392,
        "away_score_mse": 60.53098628764597,
        "away_score_rmse": 7.780166212083516,
        "away_score_r2": 0.3517338994773693,
        "total_score_mae": 9.821435061186556,
        "total_score_mse": 160.34779763912542,
        "total_score_rmse": 12.662851086509919,
        "total_score_r2": 0.39809285981508735,
        "score_diff_mae": 7.331513237825046,
        "score_diff_mse": 86.58474996122494,
        "score_diff_rmse": 9.305092689555808,
        "score_diff_r2": 0.21802076848974328
      },
      "home_score_mae": 6.166191180078078,
      "away_score_mae": 6.119239023812392,
      "total_score_mae": 9.821435061186556,
      "num_samples": 12889,
      "num_features": {
        "original": 46,
        "home_selected": 23,
        "away_selected": 23
      },
      "model_path": "C:\\Projects\\2k_spark\\models\\scorepredictionmodel_1745621033.pkl",
      "info_path": "C:\\Projects\\2k_spark\\models\\scorepredictionmodel_info_1745621033.json"
    }
  ],
  "best_model_id": "1745598830"
}