{
  "model_id": "1745622274",
  "model_type": "WinnerPredictionModel",
  "training_time": "20250425_190721",
  "data_files": {
    "player_stats": "player_stats.json",
    "match_history": "match_history.json"
  },
  "parameters": {
    "n_estimators": 100,
    "max_depth": 10,
    "random_state": 42,
    "feature_config": null
  },
  "metrics": {
    "accuracy": 0.6873545384018619,
    "precision": 0.6849624060150376,
    "recall": 0.7018489984591679,
    "f1_score": 0.693302891933029,
    "roc_auc": 0.7580499446263482,
    "feature_importance": [
      0.018280443516260944,
      0.01866054643289265,
      0.01727084134986045,
      0.01547212606035889,
      0.015850372144778847,
      0.04971000492269887,
      0.022010694454019916,
      0.020359010843164514,
      0.02291007521211419,
      0.023026814026076644,
      0.04638116929582872,
      0.052353767310507185,
      0.0238650087008523,
      0.02733531087688044,
      0.15860916523322513,
      0.16182754840807637,
      0.019216899597087386,
      0.03820964062567789,
      0.021591844449977967,
      0.021795553662283747,
      0.14557962387374196,
      0.03464528850988666,
      0.025038250493748332
    ],
    "cv_scores": [
      0.686966640806827,
      0.6811481768813034,
      0.6671838634600465,
      0.6850271528316525,
      0.6868451688009313
    ],
    "cv_mean_accuracy": 0.6814342005561522,
    "cv_std_accuracy": 0.007428993140695932
  },
  "accuracy": 0.6873545384018619,
  "cv_accuracy": 0.6814342005561522,
  "num_samples": 12889,
  "num_features": {
    "original": 46,
    "selected": 23
  },
  "validation_method": "5-fold cross-validation",
  "model_path": "C:\\Projects\\2k_spark\\models\\winnerpredictionmodel_1745622274.pkl",
  "info_path": "C:\\Projects\\2k_spark\\models\\winnerpredictionmodel_info_1745622274.json"
}